0	개인	
1	이디야커피	f_ediya
2	메가엠지씨커피	f_mega_mgc
3	투썸플레이스	f_twosome
4	컴포즈커피	f_compose
5	빽다방	f_paiks
6	더벤티	f_the_venti
7	커피베이	f_coffee_bay
8	커피에반하다	f_fallin
9	요거프레소	f_yoger_presso
10	파스쿠찌	f_passcucci
11	나우커피	f_now
12	할리스	f_hollys
13	하삼동커피	f_hasamdong
14	엔제리너스	f_angelinus
15	봄봄테이크아웃	f_bombom
16	더리터	f_the_liter
17	디저트 39	f_dessert39
18	탐앤탐스	f_tom_toms
19	매머드익스프레스	f_mammoth_e
20	감성커피	f_gamseong
21	텐퍼센트스페셜티커피	f_10percent
22	달리는커피	f_running
23	카페베네	f_caffebene
24	셀렉토커피	f_selecto
25	카페051	f_cafe_051
26	토프레소	f_topresso
27	벌크커피	f_bulk
28	더카페	f_the
29	아마스빈	f_amaseubin
30	커피마마	f_mama
31	만랩커피	f_manlab
32	우주라이크	f_wouldlike
33	청자다방	f_cheongja
34	더치앤빈	f_dutch_bean
35	엑스오엑스오 핫도그앤커피	f_xoxo
36	카페게이트	f_gate
37	달.콤	f_dalkomm
38	Blu Shaak	f_blushaak
39	하이오커피	f_hio
40	핸즈커피	f_hands
41	COFFEENIE	f_coffeenie
42	마시그래이	f_masi_gray
43	뉴욕쟁이디저트	f_nyganglee
44	반달커피	f_bandal
45	베러먼데이	f_better_mon
46	카페띠아모	f_tiamo
47	원유로스페셜티커피	f_1euro
48	디에떼에스프레소	f_deete
49	날쌘카페	f_nalssaen
50	카페루앤비	f_luaenbi
51	아임일리터	f_im1l
52	어벤더치커피	f_aven_dutch
53	알리바바	f_alibaba
54	오늘도, 카페일리터	f_today_1l
55	천씨씨커피	f_1000cc
56	베러댄와플	f_bt_waffle
57	크로플 각	f_croffle_angle
58	커피사피엔스	f_spns
59	봉명동내커피	f_bongmyung
60	에이바우트커피	f_about
61	몬스터커피	f_monster
62	커스텀커피	f_kustom
63	청솔로9	f_cs_9
64	터치카페	f_touch
65	매머드커피	f_mammoth
66	랭스터디카페	f_lang_study
67	커피마마퀸	f_mama_queen
68	커피명가	f_myungga
69	동네커피	f_dongnae
70	더웨이닝커피	f_waining
71	카페코지	f_caphecozy
72	바빈스	f_babeans
73	발도스커피	f_valdos
74	랑데자뷰	f_rendejavous
75	카페원플러스원	f_onepone
76	커피나무	f_namu
77	비엔나커피하우스	f_vienna
78	카페글렌	f_geln
79	빌리엔젤	f_billy_angel
80	핑거커피	f_finger
81	텀브커피	f_thumb
82	아틀리에빈	f_ateuliebin
83	복고다방	f_boggo
84	커피에반하다 스마트카페	f_fallin_smart
85	크레이저커피	f_crazer
86	꿀스커피	f_gguls
87	커피다스1리터	f_das1l
88	커피인류	f_inyu
89	커피왕	f_wang
90	백금당	f_beaggum
91	카페일루이스	f_illouis
92	카페천국	f_cheonguk
93	데니스	f_denis
94	탭플레이	f_taplay
95	플루800	f_flu800
96	카페아이엠티	f_imt
97	카페보스	f_boss
98	아리스타	f_arista
99	포트캔커피	f_port_can
100	CAFE CANBUS	f_canbus
101	모리커피	f_mori
102	카페보니또	f_c_bonito
103	24시무인 셀프카페	f_24hss
104	고품격 커피공장	f_hqcp
105	베스트빈	f_best_bean
106	슈퍼커피	f_super
107	패스트카페	f_fast
108	케이엠엘리갤러리카페	f_kmellie
109	블레스롤	f_ble_stole
110	시나본	f_cinnabone
111	주커피	f_zoo
112	아이캔커피	f_ican
113	라떼떼	f_lattette
114	빈스빈스	f_beansbins
115	해머스미스커피	f_h_smith
116	CAFE 설렘주의보	f_seolrem
117	커피나뜨래	f_natteulae
118	카페바움	f_baum
119	커피101스트릿	f_101street
120	킹프레소	f_king
121	카페동네	f_c_dongnae
122	커피브라더	f_brother
123	미남커피	f_minam
124	아마떼	f_amote
125	우지커피	f_oozy
126	모캄보	f_mokambo
127	커피홀	f_hole
128	디디커피	f_dd
129	유동커피	f_youdong
130	카페라이더	f_rider
131	콘레드커피	f_cornred
132	벤티프레소	f_venti_p
133	카페리빈	f_lebean
134	손커피연구소	f_son
135	몰타	f_malta
136	프롬하츠	f_from_hearts
137	에이그레이트카페	f_8great
138	커핀그루나루	f_gurunaru
139	전광수커피	f_jeon
140	주니아	f_junia
141	정글비	f_jungleb
142	카페 꽃이피다	f_kot_pida
143	마실커피	f_masil
144	루아 푸푸 커피	f_lua_fufu
145	경성코페	f_kyungseong
146	데일리오아시스	f_dailyoasis
147	펠어커피	f_fella
148	파머스빈	f_fammers
149	토리스타특별한커피	f_toristar
150	엘아르카	f_elarca
151	쿠카쿠	f_cukacu
152	블루빈스	f_bluebeans
153	캔카페	f_can
154	댄싱컵	f_dancing_cup
155	커피기업	f_company
156	점프	f_jump
157	카페CCD	f_ccd
158	이륜당	f_ilynudang
159	마린커피	f_marine
160	cafe65	f_cafe65
161	카페희다	f_huida
162	칠리노	f_chilino
163	진심커피	f_jimsim
164	록시드갸토	f_loxid
165	스므으커피	f_seumeue
166	커피더캠프	f_camp
167	커피스토어	f_store
168	도노텀블	f_dono_tumbi
169	THE더맛있는과일&1L커피	f_df_1l
170	빌리브라운	f_billy_brown
171	다빈치커피	f_davinci
172	무인다방	f_mooinn
173	루고	f_lugo
174	스몰굿	f_sg
175	빈타이	f_bean_tie
176	마일로	f_milo
177	히즈빈스	f_his_beans
178	아프리카커피초콜릿	f_affrica
179	코페아커피	f_coffea
180	PLAN	f_plan
181	베이리프커피	f_bayleef
182	말리따	f_mallitta
183	왓커피	f_what
184	컬러인커피	f_colorin
185	카페달링	f_darlin
186	슈퍼사이즈커피	f_super_size
187	OPPA COFFEE	f_oppa
188	아아수혈	f_ahah
189	카페코나퀸즈	f_kona
190	소디스커피	f_sodis
191	라떼킹	f_l_king
192	수카페24	f_su24
193	오슬랑	f_oslang
194	디초콜릿커피앤드	f_de_choco
195	바리스타비	f_barista_b
196	팬도로시	f_pan_dorthy
197	루머팡	f_rumor_pang
198	채우다	f_chewooda
199	바리스트로	f_baristro
200	올리터	f_all1liter
201	카페도헤이왕의커피	f_kings
202	워너커피	f_wanna
203	장산다방	f_jangsan
204	라스베이글	f_lasbagel
205	스위트제로	f_sweet0
206	로반스윗	f_lovan_sweet
207	성별 에이유	f_gen_ayou
208	아필코	f_apilco
209	카페홍	f_hong
210	나리꼬모	f_nari
211	반할커피	f_banhal
212	데일리에스프레소	f_daily
213	3X-LARGE COFFEE	f_3x_large
214	킹스빈	f_kings_bean
215	달꽃다방	f_dalkkot
216	디마노커피	f_demano
217	봉남동커피	f_bongnam
218	디알해쉬커피	f_drhash
219	쿼드커피	f_quad
220	퀸즈브라운	f_queens_brown
221	브런치빈	f_brunch
222	고바슨	f_govason
223	아덴블랑제리	f_aden_blang
224	메가보틀	f_mega_bottle
225	별난커피	f_byullan
226	후식	f_whoseek
227	1LiTER COFFEE	
228	데일리커피	f_daily_c
229	더드림커피	f_de_dream
230	라크리마커피	f_lacryma
231	지브릭커피	f_gbrick
232	킁킁커피	f_kk
233	한빵울	f_hanbbang
234	행님디저트카페	f_haengnim
235	카페온유	f_onyou
236	TOP LITER	f_top_liter
237	오토카페	f_auto
238	미콩커피	f_mikong
239	플레어비	f_flair_b
240	스프링캔	f_spring_can
241	오니와플	f_oni
242	비커피	f_bee
243	파란만잔	f_paran
244	ALI?KENYA?STAR커피	f_alistar
245	라벨스하이디	f_heidi
246	핸드메이드	f_handmade
247	카페16온스	f_16oz
248	크로플로	f_croplo
249	블랙와인커피	f_blackwine
250	티블랙	f_tea_black
251	벨라빈스커피	f_bellabeans
252	그림카페	f_picture
253	헤일리스커피	f_haeiless
254	일커피	f_il
255	루트비커피	f_root_b
256	카페제곱	f_jaegop
257	올리버브라운 카페	f_oliver
258	제이엠티	f_jmt
259	카페606	f_cafe606
260	핑퐁커피	f_pingpong
261	라붐커피	f_laboom
262	부바스	f_bubbas
263	1L 맥스커피	f_1lmax
264	맥켄지커피	f_mackenzie
265	라센다 커피	f_lasenda
266	배달의카페	f_beadal
267	아이씨카페	f_ic
268	145씨오	f_145co
269	어오케이커피	f_a_ok
270	아비아채	f_abiachae
271	온리비커피	f_onlyb
272	카페다빈치	f_c_davinci
273	헤이트먼데이	f_hate_mon
274	미드테이블커피	f_mid
275	커피스토아	f_c_store
276	영다방	f_young
277	카페홀릭	f_holic
278	소보롱	f_soborong
279	피에스타7커피	f_fiesta7
280	욤카페	f_yom
281	테이큰커피	f_taken
282	플레이스38커피	f_place38
283	앤더스커피	f_endus
284	커피빅	f_c_big
285	어보브	f_above
286	커피매거진	f_magazine
287	커피볶는집	f_bokki
288	피카커피	f_fika
289	아몽즈커피	f_amongz
290	카페진리	f_ginlee
291	마망카페	f_mamang
292	드립앤더치	f_drip_dutch
293	이삐커피	f_yippee
294	카페투이	f_twolee
295	밀크로지	f_milk_lodge
296	브이카페	f_vcafe
297	카페아슬란	f_aslan
298	카페우드진	f_wood_jean
299	페어런츠	f_parents
300	피스피스	f_piecex2
301	꺼내먹어요	f_eatout
302	두낫디스터브	f_dont_dis
303	위너스커피	f_winners
304	카페레게노	f_legeno
305	더카페드림	f_the_dream
306	카페브라우니30	f_brownie30
307	와커피	f_wa
308	길테이블	f_road
309	커피박스	f_box
310	레이지앤코	f_lazynco
311	물레	f_mulle
312	롤스커피	f_toolz
313	맥시멈커피	f_maximum
314	차눙	f_chanung
315	나를 위한 하루 날 위한 커피	f_forme
316	기기커피	f_gigi
317	METCHA	f_metcha
318	카페안시	f_ancy
319	솔솔커피	f_solx2
320	킹사이즈커피	f_king_size
321	쿠오레	f_cuore
322	김준호의대단한커피	f_kimjunho
323	보니또커피	f_bonito
324	바다CCM커피	f_ccm
325	씨이십칠	f_c27
326	평화다방	f_peace
327	드림커피	f_dream_c
328	INGS' COFFEE	f_ings
329	바소카페	f_vaso
330	시티카페	f_city
331	라오나카페	f_laona
332	크렘드마롱	f_creme_de
333	카페두지익스프레스	f_doozy_ex
334	트루먼커피	f_truman
335	마노핀	f_manofin
336	천미리	f_1000ml
337	커피펍스	f_pups
338	바오빙	f_baobing
339	Moku816	f_moku816
340	카페데베르	f_desverts
341	트러스트 스페셜티 커피	f_trust_special
342	아이홀릭커피	f_i_holic
343	로건커피	f_logan
344	9 BLOCK	f_9block
345	이분삼십초커피	f_230
346	커피바이브	f_vibe
347	태그1.5커피	f_1point5
348	비거커피	f_bigger
349	엑스엑스 커피메이커	f_xx
350	조커커피	f_joker
351	Every Coffee	f_every
352	더크로플	f_the_cro
353	와드WAD	f_wadx2
354	이너리트	f_innereat
355	일월십사일	f_114
356	Pause 10'	f_pause10
357	커피볶는시골커피	f_sigol
358	슈퍼브카페	f_super_b
359	디저트부티크엠	f_boutique_m
360	카페마엔코	f_maenco
361	엠버스커피	f_embers
362	카페앤스터프	f_stuff
363	핵커피	f_haek
364	또잇카페	f_ttoeat
365	카페로즈비카	f_rose_bica
366	카페 70°C	f_cafe70
367	호이안로스터리	f_hoian
368	하이즈커피	f_heize
369	뿌루밀리	f_ppuru
370	벤투스커피	f_ventus
371	하이커피	f_high
372	마이크로로스터즈	f_micro
373	카페브루빈	f_brew
374	띵크커피	f_think
375	크로플다일	f_croffle_dile
376	오제뉴어리	f_oh_jan
377	LQL터쿼이즈	f_lql
378	카페야	f_yah
379	배터리커피	f_battery
380	달구나 까페	f_dalguna
381	장미카페	f_rose
382	야한다방	
383	쿼피집	f_quaffee
384	듀코비라운지	f_ducobi
385	브루원츠	f_brewants
386	챔스빈커피	f_champs
387	키로커피	f_kiro
388	파운드커피	f_pound
389	사우스폴	f_southpole
390	커피코트	f_court
391	캠퍼스커피	f_campus
392	슈퍼브커피로스터스	f_super_b_r
393	샬로우커피	f_shallow
394	ESPL COFFEE	f_eslp
395	고아트커피	
396	카페달달	f_daldal
397	T.SCHOOL	
398	헤이키 커피	f_heiky
399	매크로커피	f_maecro
400	카페여기	f_here
401	카페텅	p_tongue
402	STORANT	p_storant
403	예뻐지는커피	
404	8PRESSO	
405	카페데크21	
406	쿠쿠라바	
407	카페수르	p_suru
408	사운드빈	p_soundbean
409	윌스토리	
410	테라커피	p_tera
411	애리스커피스탠드	p_airs_cst
412	그레이팬더	p_grayp
413	카페칼라풀	
414	카페엠티디	
415	가배원COFFEE	p_gabaewon
416	카페바이피플	
417	파리공방	p_parisa
418	이태리다방	
419	카페콘페스타	
420	비에이블스터디카페	p_ba_study
421	가보자#	
422	루즈폴	
423	캔다방	p_can_c
424	오우야에스프레소바	p_ouya
425	굿럭커피	p_gluck
426	비맨션커피&토스트	p_bmasion
427	베타테일	
428	요거트바이피플	
429	요거트판다	p_yogurtp
430	플레이버드	p_playbird
431	플레이맘 인력사무소카페	p_playmom
432	커피춘삼월	p_chunsam
433	썬즈오렌지커피	
434	캣츠핸즈커피	
435	카페로코코	p_c_roco
436	정브라더카페	p_jeongbro
437	옵테인	
438	영커피	p_young
439	카페월킨	
440	아재커피	p_aze_c
441	동백다방	p_dongb_c
442	로보시타	p_robosita
443	이수페	p_esoope
444	단청커피	p_danchung
445	한선생커피	
446	caffe-Potluck	p_potluck
447	카페치미	
448	히코코	p_hikoco
449	오프커피	p_off
450	뉴팜커피	
451	비결카페	
452	카페에이지이디	
453	광부커피	
454	머그디저트랩	p_mugdlab
455	고더커피	p_gothe
456	메이플레져	p_mapleas
457	커피다운	p_c_down
458	바리스케이	p_barisk
459	열혈카페	
460	버블엔젤	p_bubean
461	핸델앤그레텔	
462	티모르 커피	p_timor
463	릴렉스라운지	p_relaxl
464	드립드랍	p_dripdrop
465	아이커피	
466	카페암브레	
467	킹스더킹	p_c_kings
468	그린힐 커피	p_greenh
469	브루미니	p_vrewmini
470	펀구공카페	p_fungoo
471	더리치스카페	
472	타래커피1998	p_tarae
473	디커피	p_dcoffee
474	베베아뜰	p_bebea
475	카페빈스킹	
476	카페0.9	p_cafe0.9
477	와우커피	p_wow
478	뉴플레이스커피	
479	언더커피	p_under
480	해리스카페	p_herrys
481	빵오드	
482	부릉카페	
483	명륜커피	
484	라비올레뜨	
485	사운즈커피	p_soundsc
486	디오니 카페	p_diony
487	커피는	
488	커피 로드뷰	p_c_loadv
489	GREENY DAY	p_greenyday
490	스윗디저트카페루시카토	p_lucycato
491	라포미	p_raforme
492	리스아라비카	
493	밸라다	p_velrada
494	원퍼밀커피	p_oneper
495	여기Cafe	p_hear_c
496	빅몬스터	p_bigmon
497	아토커피	p_atto
498	씨이오커피	p_ceo_c
499	로켓커피	p_rocket
500	힐스커피	p_hills
501	씨이오카페인	
502	만월당	p_manwal
503	차뜨라므	p_chatranue
504	우리동네라운지	p_wurid
505	대한커피	
506	라미떼	p_lamitte
507	백억커피	p_10bill
508	애니커피하우스	p_any_chos
509	베콩	
510	커피아트	
511	코링	
512	파라노이드	p_paranoid
513	디디디알 캔&보틀커피	p_dddrcan
514	미니빈커피	p_minibean
515	프레쉬앤리프레쉬	
516	45초 커피	p_45sec
517	라고바움	p_lagobaum
518	카페 인기가요	p_ingi
519	지구별관	
520	카페홈즈	p_homes
521	라우스터프	p_rawustuff
522	언노운 커피&베이커리	p_unknown
523	Mr.toast	
524	꾸브라빈	
525	이든스도넛	
526	Cellpinda	p_cellpi
527	일맥커피	p_1lmac
528	TESTER COFFEE	p_testerc
529	듀코비커피	
530	플리커피	
531	카페소프트	p_soft
532	범퍼커피	p_bumper
533	블랙오아시스	
534	키브	
535	제로당	
536	잇.	p_eat
537	서초동 에스프레소	
538	청담 커피	
539	에이햅	p_ahap
540	에이프리카페	p_afree_c
541	에이썸	p_asome
542	커피슈퍼	
543	카페이저	p_c_eger
544	달쯔	
545	이스팀	p_esteem
546	그린머그	p_greenmug
547	카페 베리타스	p_c_veri
548	카페에버그린	p_c_everg
549	caf? ttoara	
550	제일구락부	p_jeilgu
551	잇지커피	p_itzy
552	한글153	
553	커피나인	p_c_nine
554	카페베르냐노 1882	p_ver1882
555	깡통다방	
556	카페맥피일	p_c_mcp
557	드링드링	
558	메타킹 커피	p_metaking
559	카페드그린	
560	손수	p_sonsu
561	존잘커피	
562	감성카페	
563	운커피	p_woon
564	무릉	
565	무인상점24	p_muin24
566	비바리움 파크 카페	
567	커피문방구	p_c_moonbgu
568	OSOA	p_osoa
569	역세권	
570	히스피	p_hisffee
571	차일드큐브	
572	CAFE ONRY	
573	바다마라나타 베이커리&커피	
574	카페발리361	
575	카페 낮앤달	
576	생활커피	
577	pindle	
578	allcha	p_allcha
579	킥애스	p_kickass
580	아델라7	p_adela7
581	푸링	p_purilg
582	워크스테이션
583	클로버 커피	p_clover
584	히어유고	
585	비알레티	
586	언빌리버블	
587	시선	p_sisun
588	REPLICA COFFEE	
589	빅스버	p_vixber
590	1L 커피특별시	p_1lcsi.jpg
591	카페임당	p_c_imdang
592	카페락온	p_lockon
593	흑운당	p_bwdang
594	태미원	
595	C.&tree coffee	p_seentree
596	루이스해밀턴커피	p_louish
597	카페알앤비	p_c_rnb
598	카페코드	
599	그릭박스	
600	빅딜	p_bigd
601	자이콥21	p_jaycop21
602	아이빅쓰리커피앤드케이스	p_ibig3
603	썬샤인1500	
604	카페에뜨	p_et
605	달이다	
606	유로스커피 로스터스	p_eurosro
607	우주곰커피	p_spacebear
608	오투스커피	p_otus
609	히든오아시스	p_hiddeno
610	어니스트	p_honest
611	커피식구	p_c_seekoo
612	에쏘피리언스	p_essoper
613	땡큐베리머치	p_tvm
614	프레시턴트	p_fresht
615	카페아이엔지	p_c_ing
616	조선다방	p_joseon
617	어반그레이	p_abangrey
618	바리스텔라	p_barist
619	다이브에스프레소클럽	
620	커피랑베어랑	p_cnbear
621	심풀	p_simp
622	실버라운지	p_silver
623	내림	
624	템포커피	p_tempo
625	바나타이거	p_banat
626	NiceCaffeinClub	p_ncclub
627	청담커피	
628	바나프레소	p_banap
629	까사부사노	p_kasabu
630	더착한커피	p_thekind
631	콩하우스	p_konghouse
632	에그필카페	p_eggfill
633	더피터커피	p_thepeter
634	어랏커피투고	p_alotcto
635	커피닷컴	
636	폴프랭크카페	p_paulf
637	카페에이.아이	
638	스피드커피	
639	슬럿커피	
640	프리슈커피	
641	커피크리머	
642	제주 제이제이씨 커피	p_jejujjc
643	붕어네, 커피	p_bung_eo
644	엔젤비스켓	
645	익스브루	p_exbrew
646	올디스커피	
647	키쿠키앤커피	
648	무모한 커피	
649	에스이커피	p_secoffee
650	리무소커피	p_rimuso
651	오티타	
652	카페핑크뮬리	
653	바리스타미스김	
654	더플롯커피	p_theplot
655	딜리커피	p_dili
656	커피시장	
657	고팥슈	p_goredbean
658	새콩커피	p_newbean
659	오늘도뚠뚠	p_todaystton
660	유디저브&발아커피	p_udiserve
661	따브루커피	
662	오페라빈 에스프레소바	p_operabean
663	광화문커피	
664	아티클	
665	카페메르쎄시	p_maerceci
666	오하오	
667	메일빈24	p_mailbean24
668	맘스츄러스	p_momschros
669	카페인사계	p_c_insa
670	더달썸 스터디카페	p_dalssum
671	씨티야	
672	무니	p_muni
673	보스턴커피	p_boston
674	아키라요이	
675	코타커피	p_cota
676	디다인	
677	사이시옷커피	p_saisios
678	차차커피코	p_cha_c
679	필아웃커피	p_fillout
680	그로우먼트	
681	보미푸드	
682	콜프로스터스	p_colfro
683	No Back	
684	109커피	
685	퐁커피	p_pongc
686	도케비커피	p_dokebi
687	켑트커피	p_kept
688	스템 커피	p_stem
689	퐁치커피익스프레스	p_pongchi
690	와플스튜디오	p_waffles
691	디에스랩	p_dslab
692	소미담	p_somidam
693	블루포트	p_bluep
694	오우가	p_owuga
695	워크업커피	p_workup
696	카페 길우	p_c_giiwu
697	콩카페	p_congcafe
698	피에스씨	
699	벨렘351	p_bel351
700	크로플덕	p_crofdu
701	켄커피	
702	ARIA	p_aria
703	더크림	p_thecream
704	카페,달조리법	p_daljori
705	지니프레쉬	p_ginif
706	A LOT TO GO	p_alot
707	그라츠커피랩	p_graz
708	올데이다방	
709	모닝커피	
710	플랜티	p_plemtea
711	맛있는커피	
712	DARA DARA	p_dara
713	AWTA 에스프레소 바	
714	묵리459	p_mukri459
715	카페드30W	
716	식물학	p_planth
717	커피라빈트	
718	카페올데이	p_c_alld
719	올데이커피	p_alld_c
720	Cafe109	p_cafe109
721	커피슈타인	p_c_sutain
722	ANOTHERCOFFEE	p_another
723	몬트커피	
724	COFFEE PUCK	p_c_puck
725	루메	p_lume
726	커피머피	p_muffee
727	오프로스터리	
728	커피달램	p_c_dallam
729	옐로우팜	p_yellowfarm
730	카페요아정	p_yoaj
731	TOBBYS	p_tobbys
732	씨이오로스팅	
733	씨이오다방	
734	카페아에	p_cafeae
735	감프커피	p_gamp
736	만족커피	
737	륀에이치	p_luneh
738	브레스코	
739	+82 coffee	p_plus82.jpg
740	샐러리아	p_salaria
741	인재 36.5도 까페	p_36.5do
742	식빵언니	
743	보버라운지	p_boberl
744	커피공감	p_c_gongam
745	TOGETHER COFFEE	
746	비에스카페	p_bscafe
747	여유한잔	
748	빡벳	p_vacviet
749	카페 빙코리아	
750	헬리빈커피	p_hellribean
751	갓쓴커피	
752	추억만들기	
753	올더타임	p_alltime
754	카페코스모	
755	스텝에스프레소	p_step
756	무인커피숍	
757	화채업자	p_hwache
758	이우커피	p_iwu
759	아띠블라썸	
760	올댓커피	p_allthat
761	카페씨이오	p_c_ceo
762	베라오커피	
763	명동예술관커피	
764	더노벰버 라운지	p_the11l
765	카페온화	p_onhwa
766	은행나무 그늘아래	
767	우밀타	p_womilta
768	프루츠모닝	p_frumo
769	룩앳더 바리스타	p_lookb
770	MONTEBI SEOUL	
771	화 커피	
772	일월일일 커피하우스	p_ilwalilil
773	카페 콘크리트	
774	마지막커피	p_last_c
775	라바게트	p_labagu
776	태산커피	p_taesan
777	칸토	p_kanto
778	엠비치오넴	
779	주식커피	
780	오들리샷	p_oddlyshort
781	카페인풀	p_cafinf
782	메가MGC커피	p_megac
783	파리크라상	p_pariscro
784	파리바게뜨	p_parisba
785	커피빈	f_c_bean