abc001	1	0	abc001	abc001	김철수	2007-01-01	default_user.jpg	2022-08-11 13:07:15
abc002	1	1	abc002	abc002	김철수	2006-02-02	default_user.jpg	2023-05-12 09:08:25
abc003	1	0	abc003	abc003	김철수	2005-03-03	default_user.jpg	2022-09-14 12:10:30
abc004	1	1	abc004	abc004	김철수	2008-04-04	default_user.jpg	2023-10-11 09:13:20
abc005	1	0	abc005	abc005	김철수	2006-05-05	default_user.jpg	2022-07-20 09:14:30
abc006	1	1	abc006	abc006	김철수	2005-06-06	default_user.jpg	2022-07-25 11:15:33
abc007	1	1	abc007	abc007	김철수	2004-07-07	default_user.jpg	2023-04-16 09:16:40
abc008	1	0	abc008	abc008	김철수	2005-08-08	default_user.jpg	2022-07-21 17:22:05
abc009	1	1	abc009	abc009	김철수	2005-09-09	default_user.jpg	2023-05-18 09:25:11
abc010	1	1	abc010	abc010	김철수	2004-10-10	default_user.jpg	2023-07-01 16:27:15
abc011	1	1	abc011	abc011	김철수	2007-11-11	default_user.jpg	2023-02-10 09:27:55
abc012	1	0	abc012	abc012	김철수	2002-12-12	default_user.jpg	2022-08-12 15:29:33
abc013	1	1	abc013	abc013	김철수	2000-01-02	default_user.jpg	2023-01-15 09:29:45
abc014	1	0	abc014	abc014	김철수	2001-02-03	default_user.jpg	2022-06-01 10:30:10
abc015	1	1	abc015	abc015	김철수	1999-03-06	default_user.jpg	2023-01-12 09:31:04
abc016	1	0	abc016	abc016	김철수	1998-04-08	default_user.jpg	2022-04-13 21:32:20
abc017	1	1	abc017	abc017	김철수	1997-05-14	default_user.jpg	2022-08-18 09:33:10
abc018	1	0	abc018	abc018	김철수	1996-06-04	default_user.jpg	2022-09-11 09:33:54
abc019	1	1	abc019	abc019	김철수	1997-07-11	default_user.jpg	2023-04-11 09:34:55
abc020	1	0	abc020	abc020	김철수	1997-03-10	default_user.jpg	2022-11-23 20:35:01
abc021	1	1	abc021	abc021	김철수	1996-05-09	default_user.jpg	2023-06-12 09:37:10
abc022	1	0	abc022	abc022	김철수	1997-05-12	default_user.jpg	2023-06-20 19:38:01
abc023	1	1	abc023	abc023	김철수	2000-01-08	default_user.jpg	2023-05-11 09:40:15
abc024	1	0	abc024	abc024	김철수	2001-05-11	default_user.jpg	2023-04-20 11:41:30
abc025	1	1	abc025	abc025	김철수	1999-10-13	default_user.jpg	2022-09-20 09:41:58
abc026	1	0	abc026	abc026	김철수	1996-05-08	default_user.jpg	2023-07-11 09:43:10
abc027	1	1	abc027	abc027	김철수	1995-04-11	default_user.jpg	2022-04-12 11:44:44
abc028	1	0	abc028	abc028	김철수	1997-07-07	default_user.jpg	2023-07-02 09:47:01
abc029	1	1	abc029	abc029	김철수	1999-04-11	default_user.jpg	2023-07-07 12:52:11
abc030	1	0	abc030	abc030	김철수	2001-11-11	default_user.jpg	2022-05-30 09:54:01
abc031	1	1	abc031	abc031	김철수	1998-12-31	default_user.jpg	2023-07-10 00:04:11
abc032	1	0	abc032	abc032	김철수	1999-10-30	default_user.jpg	2022-05-02 10:05:04
abc033	1	1	abc033	abc033	김철수	2000-09-15	default_user.jpg	2023-05-01 10:05:54
abc034	1	0	abc034	abc034	김철수	1996-01-18	default_user.jpg	2022-07-12 23:06:11
abc035	1	1	abc035	abc035	김철수	2001-05-18	default_user.jpg	2022-05-11 10:06:33
abc036	1	0	abc036	abc036	김철수	2000-08-07	default_user.jpg	2023-06-11 10:07:03
abc037	1	1	abc037	abc037	김철수	1996-12-04	default_user.jpg	2023-03-12 21:08:12
abc038	1	0	abc038	abc038	김철수	1999-01-08	default_user.jpg	2022-02-01 10:09:05
abc039	1	1	abc039	abc039	김철수	2000-07-05	default_user.jpg	2023-02-11 10:10:10
abc040	1	0	abc040	abc040	김철수	1998-01-05	default_user.jpg	2023-06-12 21:10:22
abc041	1	0	abc041	abc041	김철수	1993-08-07	default_user.jpg	2023-07-01 10:12:12
abc042	1	1	abc042	abc042	김철수	1990-04-11	default_user.jpg	2023-07-11 10:13:13
abc043	1	0	abc043	abc043	김철수	1989-11-11	default_user.jpg	2023-07-10 20:14:14
abc044	1	1	abc044	abc044	김철수	1992-05-01	default_user.jpg	2022-05-16 10:15:01
abc045	1	0	abc045	abc045	김철수	1984-11-10	default_user.jpg	2023-06-12 10:16:05
abc046	1	1	abc046	abc046	김철수	1987-12-12	default_user.jpg	2022-10-09 21:16:10
abc047	1	0	abc047	abc047	김철수	1988-08-08	default_user.jpg	2023-05-10 10:18:18
abc048	1	1	abc048	abc048	김철수	1986-05-05	default_user.jpg	2022-06-22 20:19:19
abc049	1	0	abc049	abc049	김철수	1991-11-18	default_user.jpg	2022-06-05 10:20:20
abc050	1	1	abc050	abc050	김철수	1992-07-08	default_user.jpg	2023-05-11 10:21:11
abc051	1	0	abc051	abc051	김철수	1990-09-30	default_user.jpg	2022-08-05 10:23:22
abc052	1	0	abc052	abc052	김철수	1986-04-30	default_user.jpg	2023-06-03 18:23:15
abc053	1	0	abc053	abc053	김철수	1985-12-03	default_user.jpg	2023-03-03 10:24:20
abc054	1	0	abc054	abc054	김철수	1993-10-15	default_user.jpg	2023-04-18 10:25:14
abc055	1	0	abc055	abc055	김철수	1992-06-24	default_user.jpg	2023-01-11 10:26:10
abc056	1	0	abc056	abc056	김철수	1983-01-07	default_user.jpg	2023-02-02 10:30:10
abc057	1	0	abc057	abc057	김철수	1992-02-05	default_user.jpg	2023-03-31 11:30:02
abc058	1	0	abc058	abc058	김철수	1980-03-06	default_user.jpg	2023-04-30 10:31:20
abc059	1	0	abc059	abc059	김철수	1979-04-23	default_user.jpg	2022-12-10 10:32:01
abc060	1	0	abc060	abc060	김철수	1978-05-14	default_user.jpg	2023-02-20 12:32:12
abc061	1	0	abc061	abc061	김철수	1977-06-01	default_user.jpg	2023-01-12 10:32:57
abc062	1	0	abc062	abc062	김철수	1976-10-20	default_user.jpg	2022-12-08 10:33:08
abc063	1	0	abc063	abc063	김철수	1975-08-19	default_user.jpg	2023-05-10 10:33:10
abc064	1	0	abc064	abc064	김철수	1974-09-24	default_user.jpg	2022-12-09 10:33:11
abc065	1	0	abc065	abc065	김철수	1981-11-17	default_user.jpg	2023-04-10 10:33:15
abc066	1	1	abc066	abc066	김철수	1974-12-17	default_user.jpg	2022-11-11 10:34:20
abc067	1	1	abc067	abc067	김철수	1975-08-11	default_user.jpg	2022-11-19 10:35:49
abc068	1	1	abc068	abc068	김철수	1977-07-17	default_user.jpg	2023-06-18 13:35:58
abc069	1	1	abc069	abc069	김철수	1978-02-07	default_user.jpg	2023-06-25 10:37:29
abc070	1	1	abc070	abc070	김철수	1980-03-03	default_user.jpg	2022-04-04 10:38:10
abc071	1	1	abc071	abc071	김철수	1981-12-28	default_user.jpg	2023-01-12 15:38:15
abc072	1	1	abc072	abc072	김철수	1982-08-02	default_user.jpg	2022-07-29 10:39:45
abc073	1	1	abc073	abc073	김철수	1976-06-07	default_user.jpg	2023-05-11 10:40:06
abc074	1	1	abc074	abc074	김철수	1979-09-03	default_user.jpg	2023-07-01 10:41:08
abc075	1	1	abc075	abc075	김철수	1977-04-08	default_user.jpg	2022-10-30 12:42:25
abc076	1	0	abc076	abc076	김철수	1964-11-18	default_user.jpg	2023-01-12 10:42:30
abc077	1	0	abc077	abc077	김철수	1974-12-31	default_user.jpg	2022-12-01 10:43:11
abc078	1	0	abc078	abc078	김철수	1969-07-12	default_user.jpg	2023-04-10 10:43:12
abc079	1	0	abc079	abc079	김철수	1971-08-20	default_user.jpg	2022-11-18 10:43:20
abc080	1	0	abc080	abc080	김철수	1970-01-01	default_user.jpg	2022-09-09 10:43:25
abc081	1	0	abc081	abc081	김철수	1974-11-11	default_user.jpg	2023-02-03 10:43:30
abc082	1	0	abc082	abc082	김철수	1965-05-04	default_user.jpg	2022-02-27 10:43:35
abc083	1	0	abc083	abc083	김철수	1968-01-18	default_user.jpg	2023-02-14 10:44:00
abc084	1	0	abc084	abc084	김철수	1972-02-11	default_user.jpg	2023-02-15 11:44:05
abc085	1	0	abc085	abc085	김철수	1969-07-12	default_user.jpg	2023-03-14 10:44:07
abc086	1	0	abc086	abc086	김철수	1966-11-14	default_user.jpg	2023-04-11 10:45:08
abc087	1	0	abc087	abc087	김철수	1967-08-14	default_user.jpg	2023-05-10 13:45:14
abc088	1	0	abc088	abc088	김철수	1968-07-01	default_user.jpg	2023-06-17 10:46:06
abc089	1	0	abc089	abc089	김철수	1974-11-17	default_user.jpg	2023-06-12 10:47:14
abc090	1	0	abc090	abc090	김철수	1973-12-17	default_user.jpg	2023-06-11 10:48:23
abc091	1	0	abc091	abc091	김철수	1970-04-02	default_user.jpg	2023-02-23 10:49:24
abc092	1	0	abc092	abc092	김철수	1971-09-16	default_user.jpg	2023-02-03 10:49:28
abc093	1	0	abc093	abc093	김철수	1969-10-31	default_user.jpg	2023-05-21 10:49:48
abc094	1	0	abc094	abc094	김철수	1964-12-12	default_user.jpg	2023-04-23 10:50:05
abc095	1	0	abc095	abc095	김철수	1968-01-01	default_user.jpg	2023-02-11 10:50:11
abc096	1	0	abc096	abc096	김철수	1968-02-05	default_user.jpg	2023-01-12 13:50:12
abc097	1	0	abc097	abc097	김철수	1968-03-06	default_user.jpg	2022-04-04 12:50:18
abc098	1	0	abc098	abc098	김철수	1969-04-05	default_user.jpg	2023-06-12 10:50:21
abc099	1	0	abc099	abc099	김철수	1969-05-27	default_user.jpg	2022-08-19 12:50:24
abc100	1	0	abc100	abc100	김철수	1969-07-24	default_user.jpg	2023-01-01 10:51:00
abc101	1	0	abc101	abc101	김철수	1970-05-20	default_user.jpg	2023-05-16 12:51:09
abc102	1	0	abc102	abc102	김철수	1971-12-23	default_user.jpg	2022-05-20 15:51:10
abc103	1	0	abc103	abc103	김철수	1965-02-27	default_user.jpg	2023-04-06 10:51:25
abc104	1	0	abc104	abc104	김철수	1966-03-23	default_user.jpg	2023-02-02 10:52:28
abc105	1	0	abc105	abc105	김철수	1968-05-20	default_user.jpg	2023-05-12 10:53:01
abc106	1	1	abc106	abc106	김철수	1972-01-30	default_user.jpg	2023-06-01 10:54:25
abc107	1	1	abc107	abc107	김철수	1971-05-29	default_user.jpg	2023-01-29 10:55:23
abc108	1	1	abc108	abc108	김철수	1965-11-07	default_user.jpg	2023-01-18 10:55:28
abc109	1	1	abc109	abc109	김철수	1964-12-18	default_user.jpg	2023-02-23 10:56:01
abc110	1	1	abc110	abc110	김철수	1972-11-11	default_user.jpg	2023-07-03 10:58:09
abc111	1	1	abc111	abc111	김철수	1974-05-30	default_user.jpg	2023-05-12 10:58:10
abc112	1	1	abc112	abc112	김철수	1970-12-20	default_user.jpg	2022-05-31 10:58:12
abc113	1	1	abc113	abc113	김철수	1971-06-30	default_user.jpg	2023-06-11 10:58:19
abc114	1	1	abc114	abc114	김철수	1967-10-21	default_user.jpg	2023-08-17 17:59:20
abc115	1	1	abc115	abc115	김철수	1970-03-01	default_user.jpg	2022-10-01 10:59:25
abc116	1	1	abc116	abc116	김철수	1972-10-11	default_user.jpg	2023-07-13 10:59:29
abc117	1	1	abc117	abc117	김철수	1974-11-26	default_user.jpg	2023-04-03 11:00:30
abc118	1	1	abc118	abc118	김철수	1970-04-04	default_user.jpg	2022-11-10 16:01:31
abc119	1	1	abc119	abc119	김철수	1970-05-03	default_user.jpg	2023-05-17 11:05:25
abc120	1	1	abc120	abc120	김철수	1966-06-06	default_user.jpg	2022-08-03 11:08:12
abc121	1	0	abc121	abc121	김철수	1963-01-05	default_user.jpg	2022-08-17 11:08:20
abc122	1	0	abc122	abc122	김철수	1962-02-14	default_user.jpg	2023-06-23 18:09:01
abc123	1	0	abc123	abc123	김철수	1961-05-05	default_user.jpg	2023-04-03 11:09:02
abc124	1	0	abc124	abc124	김철수	1960-12-17	default_user.jpg	2023-01-12 11:10:07
abc125	1	0	abc125	abc125	김철수	1958-07-01	default_user.jpg	2023-06-11 11:11:05
abc126	1	0	abc126	abc126	김철수	1959-08-22	default_user.jpg	2023-05-07 11:11:12
abc127	1	0	abc127	abc127	김철수	1958-07-20	default_user.jpg	2023-07-13 15:12:20
abc128	1	0	abc128	abc128	김철수	1955-08-01	default_user.jpg	2022-12-01 11:12:25
abc129	1	0	abc129	abc129	김철수	1960-04-02	default_user.jpg	2022-12-13 11:13:40
abc130	1	0	abc130	abc130	김철수	1955-05-05	default_user.jpg	2022-07-01 11:14:39
abc131	1	1	abc131	abc131	김철수	1952-01-03	default_user.jpg	2022-07-14 12:14:41
abc132	1	1	abc132	abc132	김철수	1954-05-04	default_user.jpg	2022-06-23 11:14:58
abc133	1	1	abc133	abc133	김철수	1957-11-12	default_user.jpg	2022-05-12 11:15:09
abc134	1	1	abc134	abc134	김철수	1958-06-03	default_user.jpg	2022-05-01 13:16:11
abc135	1	1	abc135	abc135	김철수	1955-02-23	default_user.jpg	2022-04-13 11:17:10
abc136	1	1	abc136	abc136	김철수	1960-07-02	default_user.jpg	2022-03-18 14:17:16
abc137	1	1	abc137	abc137	김철수	1961-05-02	default_user.jpg	2022-06-13 18:18:17
abc138	1	1	abc138	abc138	김철수	1958-04-02	default_user.jpg	2022-08-01 15:20:05
abc139	1	1	abc139	abc139	김철수	1959-04-11	default_user.jpg	2023-05-11 14:21:20
abc140	1	1	abc140	abc140	김철수	1960-05-12	default_user.jpg	2022-07-13 12:22:40
